chr1	630068
chr1	2298461
chr1	2298681
chr1	4067549
chr1	4067582
chr1	4067597
chr1	4067586
chr1	4067588
chr1	4067581
chr1	4067584
chr1	4318355
chr1	6571234
chr1	6571291
chr1	6571290
chr1	6571327
chr1	11387365
chr1	11751723
chr1	11751790
chr1	13227033
chr1	13226993
chr1	13227227
chr1	13227167
chr1	13373130
chr1	13373102
chr1	13373099
chr1	16646907
chr1	16646924
chr1	16646902
chr1	16760320
chr1	16760585
chr1	16760532
chr1	18445388
chr1	18445467
chr1	18445540
chr1	18445554
chr1	18445538
chr1	18445581
chr1	18445577
chr1	18445545
chr1	18445487
chr1	18445549
chr1	18445555
chr1	18445557
chr1	18445558
chr1	18445567
chr1	18445572
chr1	18445570
chr1	18445574
chr1	18445584
chr1	18445747
chr1	19208961
chr1	19208970
chr1	19209118
chr1	19209222
chr1	19209188
chr1	26212699
chr1	27673444
chr1	27673441
chr1	27673452
chr1	27673458
chr1	27673510
chr1	27673501
chr1	29381522
chr1	29381768
chr1	29700350
chr1	29700312
chr1	29700481
chr1	29700444
chr1	29700451
chr1	29700449
chr1	29700440
chr1	29700456
chr1	29700454
chr1	29700482
chr1	29700455
chr1	29700469
chr1	29700464
chr1	29700476
chr1	29700466
chr1	29700523
chr1	29700463
chr1	29700485
chr1	30335245
chr1	30429283
chr1	30429344
chr1	30429378
chr1	30429537
chr1	30429428
chr1	30429543
chr1	30429544
chr1	30683898
chr1	30684045
chr1	30684064
chr1	38230026
chr1	38230020
chr1	38230015
chr1	38230186
chr1	38230300
chr1	41193473
chr1	41193517
chr1	41193523
chr1	41193551
chr1	52659077
chr1	53872004
chr1	53872043
chr1	53872040
chr1	53872101
chr1	53872007
chr1	53872106
chr1	53872255
chr1	53872242
chr1	57389580
chr1	60357050
chr1	64097862
chr1	68773078
chr1	68773377
chr1	71816815
chr1	71816949
chr1	73826442
chr1	73826722
chr1	73826673
chr1	75106324
chr1	75106323
chr1	75106318
chr1	75106432
chr1	75106440
chr1	75106434
chr1	75106439
chr1	76685565
chr1	77182498
chr1	77182480
chr1	77182504
chr1	77182500
chr1	77182516
chr1	77182526
chr1	77182618
chr1	77182548
chr1	77182522
chr1	79843244
chr1	79843261
chr1	83229957
chr1	87328979
chr1	87328948
chr1	87328975
chr1	87329032
chr1	87329068
chr1	87329126
chr1	87329247
chr1	87329344
chr1	87329311
chr1	87329313
chr1	88061153
chr1	88061202
chr1	88061186
chr1	88061250
chr1	88061406
chr1	90358622
chr1	90358620
chr1	90358840
chr1	90358802
chr1	90613900
chr1	90613926
chr1	99323884
chr1	99323889
chr1	101481327
chr1	101715614
chr1	101715668
chr1	102118954
chr1	102118939
chr1	102118891
chr1	102718595
chr1	102718620
chr1	102955253
chr1	102955300
chr1	102955299
chr1	102955312
chr1	111980492
chr1	111980490
chr1	111980517
chr1	116305896
chr1	116305838
chr1	116305912
chr1	116305898
chr1	116305923
chr1	116305998
chr1	117714266
chr1	125079929
chr1	125180130
chr1	143267182
chr1	143621303
chr1	143621393
chr1	143621527
chr1	143775389
chr1	145185692
chr1	146590936
chr1	146665989
chr1	146666056
chr1	149033830
chr1	149033847
chr1	149033946
chr1	149033981
chr1	149034125
chr1	149034121
chr1	149034088
chr1	149424287
chr1	149808272
chr1	149808261
chr1	149808282
chr1	152067090
chr1	152067083
chr1	152067261
chr1	152777685
chr1	157912326
chr1	157912336
chr1	157912482
chr1	157912494
chr1	158128081
chr1	158128508
chr1	158128542
chr1	163435605
chr1	163435603
chr1	163435670
chr1	163435651
chr1	163435654
chr1	164127945
chr1	164128155
chr1	164128244
chr1	165689101
chr1	165689171
chr1	165689130
chr1	165689185
chr1	165689154
chr1	169764411
chr1	169764555
chr1	169886291
chr1	169886309
chr1	176895270
chr1	176895308
chr1	181240159
chr1	181240229
chr1	190512272
chr1	190512259
chr1	190512262
chr1	190512363
chr1	190512328
chr1	190512389
chr1	190512519
chr1	194735266
chr1	194735338
chr1	194735433
chr1	194735469
chr1	202463305
chr1	202463449
chr1	202463497
chr1	202463526
chr1	202624840
chr1	203517845
chr1	203517754
chr1	203517876
chr1	204471962
chr1	204471971
chr1	204471901
chr1	206282794
chr1	206399096
chr1	208148309
chr1	210450505
chr1	210450606
chr1	210450607
chr1	210450604
chr1	210450614
chr1	210450662
chr1	210450664
chr1	210450673
chr1	210450672
chr1	210450678
chr1	210450611
chr1	210450658
chr1	210450720
chr1	210450708
chr1	210450707
chr1	211868386
chr1	214482794
chr1	214482784
chr1	214482824
chr1	214483015
chr1	214483014
chr1	214483095
chr1	214483144
chr1	217980801
chr1	217980834
chr1	217980855
chr1	219748891
chr1	219748906
chr1	219748909
chr1	219748902
chr1	219748938
chr1	219748912
chr1	219748913
chr1	219749082
chr1	219749024
chr1	219749095
chr1	219749192
chr1	219749248
chr1	219749251
chr1	219863178
chr1	227880190
chr1	227880212
chr1	227880228
chr1	235532088
chr1	235532151
chr1	235532296
chr1	235532316
chr1	235532354
chr1	236752228
chr1	236859076
chr1	236859358
chr1	236923271
chr1	236923357
chr1	236923444
chr1	237037670
chr1	237037815
chr1	237037842
chr1	237341354
chr1	237341397
chr1	237341382
chr1	237341465
chr1	237341417
chr1	237341413
chr1	237341586
chr1	237341512
chr1	240916079
chr1	240916104
chr1	240916108
chr1	240916099
chr1	240916097
chr1	240916103
chr1	240916095
chr1	240916101
chr1	240916109
chr1	240916113
chr1	240916158
chr1	240916151
chr1	240916160
chr1	240916273
chr1	240916274
chr1	240916276
chr1	240916280
chr1	240916281
chr1	241005968
chr1	241005962
chr1	241005956
chr1	241006033
chr1	241006122
chr1	241563401
chr1	242773048
chr1	242773183
chr1	242773184
chr1	242773181
chr1	242773188
chr1	242773194
chr1	242773203
chr1	242773230
chr1	242773285
chr1	242773299
chr1	247458502
